dataset,channel,model,mae,rmse,ms,windows,skill,events,recall,precision,false_alarm,cross_err_min
mugrow,air_temp,chronos:chronos-bolt-small,0.694,0.815,31.537,1590,0.29,188.0,0.431,0.835,0.014,22.716
mugrow,air_temp,chronos:chronos-bolt-tiny,0.734,0.861,13.443,1590,0.249,188.0,0.378,0.835,0.012,26.479
mugrow,air_temp,damped_trend,0.932,1.1,10.196,1590,0.046,188.0,0.154,0.853,0.004,19.483
mugrow,air_temp,persistence,0.977,1.144,0.014,1590,0.0,188.0,0.0,,0.0,
mugrow,air_temp,seasonal_naive(288),1.337,1.434,0.017,1590,-0.368,188.0,0.755,0.559,0.095,33.803
mugrow,air_humidity,chronos:chronos-bolt-small,3.128,3.678,27.889,1590,0.117,203.0,0.266,0.771,0.014,29.352
mugrow,air_humidity,chronos:chronos-bolt-tiny,3.185,3.744,11.381,1590,0.1,203.0,0.276,0.812,0.011,29.464
mugrow,air_humidity,damped_trend,3.519,4.141,9.478,1590,0.006,203.0,0.128,0.565,0.017,30.962
mugrow,air_humidity,persistence,3.541,4.156,0.012,1590,0.0,203.0,0.0,,0.0,
mugrow,air_humidity,seasonal_naive(288),4.552,5.063,0.015,1590,-0.285,203.0,0.606,0.468,0.122,41.667
mugrow,par,seasonal_naive(288),33.737,45.024,0.015,1590,0.424,,,,,
mugrow,par,chronos:chronos-bolt-tiny,51.497,62.698,11.517,1590,0.121,,,,,
mugrow,par,chronos:chronos-bolt-small,51.968,64.055,28.104,1590,0.113,,,,,
mugrow,par,persistence,58.612,73.105,0.012,1590,0.0,,,,,
mugrow,par,damped_trend,60.059,74.587,9.594,1590,-0.025,,,,,
mugrow,co2,chronos:chronos-bolt-small,37.473,46.229,28.914,1590,0.152,,,,,
mugrow,co2,chronos:chronos-bolt-tiny,38.84,47.571,11.873,1590,0.121,,,,,
mugrow,co2,persistence,44.207,53.235,0.013,1590,0.0,,,,,
mugrow,co2,damped_trend,44.898,53.884,9.62,1590,-0.016,,,,,
mugrow,co2,seasonal_naive(288),49.675,59.968,0.015,1590,-0.124,,,,,
mugrow,soil_fc,chronos:chronos-bolt-tiny,0.859,1.039,11.695,1590,0.251,100.0,0.61,0.792,0.013,33.443
mugrow,soil_fc,chronos:chronos-bolt-small,0.875,1.054,28.643,1590,0.237,100.0,0.58,0.892,0.006,25.431
mugrow,soil_fc,damped_trend,1.147,1.363,9.611,1590,0.0,100.0,0.21,0.955,0.001,43.333
mugrow,soil_fc,persistence,1.147,1.354,0.006,1590,0.0,100.0,0.0,,0.0,
mugrow,soil_fc,driven_drying(vpd+par),1.17,1.36,0.096,1590,-0.021,100.0,0.36,0.667,0.014,38.333
mugrow,soil_fc,driven_drying(vpd),1.205,1.406,0.189,1590,-0.051,100.0,0.26,0.788,0.006,25.962
mugrow,soil_fc,seasonal_naive(288),1.945,2.029,0.014,1590,-0.696,100.0,0.59,0.396,0.072,62.119
mugrow,soil_temp,chronos:chronos-bolt-small,0.305,0.369,34.39,1590,0.478,100.0,0.54,0.6,0.029,16.667
mugrow,soil_temp,chronos:chronos-bolt-tiny,0.318,0.383,14.143,1590,0.456,100.0,0.55,0.598,0.03,16.455
mugrow,soil_temp,damped_trend,0.325,0.407,10.156,1590,0.443,100.0,0.59,0.678,0.022,16.525
mugrow,soil_temp,persistence,0.584,0.676,0.013,1590,0.0,100.0,0.0,,0.0,
mugrow,soil_temp,seasonal_naive(288),1.036,1.067,0.016,1590,-0.774,100.0,0.4,0.191,0.136,61.125
mugrow,ec,chronos:chronos-bolt-tiny,0.015,0.021,11.945,1590,0.022,114.0,0.079,0.9,0.001,6.111
mugrow,ec,chronos:chronos-bolt-small,0.015,0.021,29.653,1590,0.02,114.0,0.07,0.8,0.002,29.375
mugrow,ec,persistence,0.015,0.022,0.013,1590,0.0,114.0,0.0,,0.0,
mugrow,ec,damped_trend,0.015,0.022,9.537,1590,-0.005,114.0,0.088,0.909,0.001,9.5
mugrow,ec,seasonal_naive(288),0.067,0.073,0.015,1590,-3.428,114.0,0.395,0.372,0.06,46.778
agrifusion,air_temp,chronos:chronos-bolt-small,0.528,0.619,30.136,1802,0.332,227.0,0.374,0.802,0.016,27.059
agrifusion,air_temp,chronos:chronos-bolt-tiny,0.577,0.677,12.399,1802,0.27,227.0,0.304,0.821,0.011,25.145
agrifusion,air_temp,damped_trend,0.751,0.886,9.647,1802,0.051,227.0,0.145,0.75,0.008,23.182
agrifusion,air_temp,seasonal_naive(288),0.762,0.846,0.015,1802,0.037,227.0,0.705,0.542,0.102,30.719
agrifusion,air_temp,persistence,0.791,0.927,0.012,1802,0.0,227.0,0.0,,0.0,
agrifusion,air_humidity,chronos:chronos-bolt-small,2.512,2.968,28.468,1802,0.098,230.0,0.183,0.689,0.015,35.119
agrifusion,air_humidity,chronos:chronos-bolt-tiny,2.566,3.025,11.53,1802,0.078,230.0,0.213,0.71,0.015,31.02
agrifusion,air_humidity,persistence,2.784,3.282,0.012,1802,0.0,230.0,0.0,,0.0,
agrifusion,air_humidity,damped_trend,2.792,3.286,9.165,1802,-0.003,230.0,0.07,0.593,0.008,29.062
agrifusion,air_humidity,seasonal_naive(288),3.473,3.883,0.015,1802,-0.248,230.0,0.491,0.36,0.154,59.071
agrifusion,par,seasonal_naive(288),31.223,43.773,0.015,1802,0.4,,,,,
agrifusion,par,chronos:chronos-bolt-small,43.767,55.129,29.128,1802,0.159,,,,,
agrifusion,par,chronos:chronos-bolt-tiny,44.314,55.382,11.713,1802,0.149,,,,,
agrifusion,par,persistence,52.053,64.483,0.013,1802,0.0,,,,,
agrifusion,par,damped_trend,52.837,65.256,9.504,1802,-0.015,,,,,
agrifusion,co2,seasonal_naive(288),46.135,55.646,0.015,1802,0.269,,,,,
agrifusion,co2,chronos:chronos-bolt-small,52.078,63.806,30.023,1802,0.175,,,,,
agrifusion,co2,chronos:chronos-bolt-tiny,55.599,67.436,12.036,1802,0.119,,,,,
agrifusion,co2,persistence,63.093,75.892,0.012,1802,0.0,,,,,
agrifusion,co2,damped_trend,65.498,78.358,9.461,1802,-0.038,,,,,
agrifusion,soil_fc,chronos:chronos-bolt-tiny,0.956,1.133,12.074,1802,0.038,108.0,0.426,0.821,0.007,31.087
agrifusion,soil_fc,chronos:chronos-bolt-small,0.966,1.149,29.361,1802,0.028,108.0,0.5,0.771,0.011,31.574
agrifusion,soil_fc,persistence,0.994,1.171,0.006,1802,0.0,108.0,0.0,,0.0,
agrifusion,soil_fc,driven_drying(vpd+par),1.012,1.196,0.102,1802,-0.018,108.0,0.361,0.78,0.008,41.667
agrifusion,soil_fc,damped_trend,1.014,1.195,9.415,1802,-0.02,108.0,0.074,1.0,0.0,12.5
agrifusion,soil_fc,driven_drying(vpd),1.037,1.218,0.193,1802,-0.043,108.0,0.148,0.8,0.003,34.062
agrifusion,soil_fc,seasonal_naive(288),1.425,1.573,0.014,1802,-0.434,108.0,0.806,0.669,0.03,54.195
agrifusion,soil_temp,chronos:chronos-bolt-small,0.295,0.352,32.249,1802,0.505,141.0,0.688,0.693,0.031,18.608
agrifusion,soil_temp,chronos:chronos-bolt-tiny,0.309,0.369,13.204,1802,0.482,141.0,0.723,0.729,0.027,16.324
agrifusion,soil_temp,damped_trend,0.337,0.416,9.942,1802,0.434,141.0,0.695,0.766,0.022,16.173
agrifusion,soil_temp,persistence,0.596,0.69,0.013,1802,0.0,141.0,0.0,,0.0,
agrifusion,soil_temp,seasonal_naive(288),0.707,0.735,0.016,1802,-0.186,141.0,0.66,0.525,0.06,39.892
agrifusion,ec,chronos:chronos-bolt-tiny,0.033,0.041,12.511,1802,0.035,92.0,0.163,0.75,0.003,28.0
agrifusion,ec,chronos:chronos-bolt-small,0.033,0.041,30.45,1802,0.027,92.0,0.163,0.789,0.003,25.0
agrifusion,ec,persistence,0.034,0.042,0.013,1802,0.0,92.0,0.0,,0.0,
agrifusion,ec,damped_trend,0.034,0.042,9.826,1802,-0.003,92.0,0.033,1.0,0.0,6.667
agrifusion,ec,seasonal_naive(288),0.068,0.076,0.015,1802,-0.998,92.0,0.446,0.39,0.044,33.171
